location,href,status
apps/arcyria-website/app/compare/page.tsx,/pricing,OK
apps/arcyria-website/app/compare/page.tsx,/connectors,OK
apps/arcyria-website/app/privacy/privacy-client.tsx,mailto:support@mantrixflow.com,External contact link — syntax only
apps/arcyria-website/app/subprocessors/subprocessors-client.tsx,mailto:support@mantrixflow.com,External contact link — syntax only
apps/arcyria-website/app/terms/terms-client.tsx,mailto:support@mantrixflow.com,External contact link — syntax only
apps/arcyria-website/components/cta-section.tsx,/pricing,OK
apps/arcyria-website/components/cta-section.tsx,/compare,OK
apps/arcyria-website/components/cta-section.tsx,mailto:support@mantrixflow.com,External contact link — syntax only
apps/arcyria-website/components/footer.tsx,mailto:support@mantrixflow.com,External contact link — syntax only
apps/arcyria-website/components/footer.tsx,https://www.linkedin.com/company/mantrixflow,External — network check required
apps/arcyria-website/components/footer.tsx,/terms,OK
apps/arcyria-website/components/footer.tsx,/privacy,OK
apps/arcyria-website/components/hero-section.tsx,/pricing,OK
apps/arcyria-website/components/home/home-hero.tsx,/connectors,OK
apps/arcyria-website/components/home/home-hero.tsx,mailto:support@mantrixflow.com,External contact link — syntax only
apps/arcyria-website/components/home/home-latest.tsx,/connectors,OK
apps/arcyria-website/components/home/home-story.tsx,/compare,OK
apps/arcyria-website/components/home/home-story.tsx,/connectors,OK
apps/arcyria-website/components/home/home-story.tsx,/pricing,OK
apps/arcyria-website/components/home/home-story.tsx,/integrations,OK
apps/arcyria-website/components/marketing/connectors-teaser.tsx,/connectors,OK
apps/arcyria-website/components/marketing/integrations-teaser.tsx,/integrations,OK
apps/arcyria-website/components/marketing/solutions-menu.tsx,/connectors,OK
apps/arcyria-website/components/navbar.tsx,/,OK
apps/arcyria-website/components/side-nav.tsx,/pricing,OK
apps/arcyria-website/components/side-nav.tsx,https://docs.mantrixflow.com/,External — network check required
apps/arcyria-platform/app/auth/auth-code-error/page.tsx,/auth/login,OK
apps/arcyria-platform/app/auth/auth-code-error/page.tsx,/,OK
apps/arcyria-platform/app/error.tsx,/,OK
apps/arcyria-platform/components/auth-page.tsx,/,OK
apps/arcyria-platform/components/auth-page.tsx,https://mantrixflow.com/terms,External — network check required
apps/arcyria-platform/components/auth-page.tsx,https://mantrixflow.com/privacy,External — network check required
apps/arcyria-platform/lib/utils/toast.ts,itemName,External — network check required
apps/arcyria-platform/lib/utils/toast.ts,"itemName, error",External — network check required
apps/mantrixflow-docs/README.md,https://mantrixflow.com,External — network check required
apps/mantrixflow-docs/README.md,https://mintlify.com,External — network check required
apps/mantrixflow-docs/billing-breakdown.mdx,/pricing,OK
apps/mantrixflow-docs/billing-breakdown.mdx,mailto:support@mantrixflow.com,External contact link — syntax only
apps/mantrixflow-docs/connections/destinations/airtable.mdx,/example/pipelines/airtable-and-mysql,OK
apps/mantrixflow-docs/connections/destinations/clickhouse.mdx,/example/pipelines/clickhouse-and-mysql,OK
apps/mantrixflow-docs/connections/destinations/cockroachdb.mdx,/connections/destinations/postgresql,OK
apps/mantrixflow-docs/connections/destinations/duckdb.mdx,/connections/sources/database/duckdb,OK
apps/mantrixflow-docs/connections/destinations/mariadb.mdx,/connections/destinations/postgresql,OK
apps/mantrixflow-docs/connections/destinations/mongodb.mdx,/connections/sources/database/mongodb,OK
apps/mantrixflow-docs/connections/destinations/mongodb.mdx,/example/pipelines/mongodb-and-postgresql,OK
apps/mantrixflow-docs/connections/destinations/mysql.mdx,/example/pipelines/airtable-and-mysql,OK
apps/mantrixflow-docs/connections/destinations/postgresql.mdx,/getting-started/quick-start,OK
apps/mantrixflow-docs/connections/destinations/sqlite.mdx,/connections/destinations/postgresql,OK
apps/mantrixflow-docs/connections/overview.mdx,/connections/sources/productivity/airtable,OK
apps/mantrixflow-docs/connections/overview.mdx,/connections/destinations/airtable,OK
apps/mantrixflow-docs/connections/overview.mdx,/connections/sources/database/mysql,OK
apps/mantrixflow-docs/connections/overview.mdx,/connections/destinations/mysql,OK
apps/mantrixflow-docs/connections/overview.mdx,/connections/sources/database/mongodb,OK
apps/mantrixflow-docs/connections/overview.mdx,/connections/destinations/mongodb,OK
apps/mantrixflow-docs/connections/overview.mdx,/example/pipelines/mongodb-and-postgresql,OK
apps/mantrixflow-docs/connections/overview.mdx,/connections/sources/database/clickhouse,OK
apps/mantrixflow-docs/connections/overview.mdx,/connections/destinations/clickhouse,OK
apps/mantrixflow-docs/connections/overview.mdx,/example/pipelines/clickhouse-and-mysql,OK
apps/mantrixflow-docs/connections/overview.mdx,/connections/sources/database/duckdb,OK
apps/mantrixflow-docs/connections/overview.mdx,/connections/destinations/duckdb,OK
apps/mantrixflow-docs/connections/overview.mdx,/connections/sources/crm/hubspot,OK
apps/mantrixflow-docs/connections/overview.mdx,/connections/sources/finance/stripe,OK
apps/mantrixflow-docs/connections/overview.mdx,/connections/sources/productivity/asana,OK
apps/mantrixflow-docs/connections/overview.mdx,/connections/sources/productivity/notion,OK
apps/mantrixflow-docs/connections/overview.mdx,/connections/sources/productivity/linear,OK
apps/mantrixflow-docs/connections/overview.mdx,/connections/sources/developer-tools/github,OK
apps/mantrixflow-docs/connections/overview.mdx,/connections/sources/customer-support/zendesk,OK
apps/mantrixflow-docs/connections/overview.mdx,/connections/sources/cms/strapi,OK
apps/mantrixflow-docs/connections/overview.mdx,/connections/private-database-access,OK
apps/mantrixflow-docs/connections/private-database-access.mdx,https://docs.aws.amazon.com/AmazonRDS/latest/UserGuide/Overview.RDSSecurityGroups.html,External — network check required
apps/mantrixflow-docs/connections/private-database-access.mdx,https://cloud.google.com/sql/docs/postgres/authorize-networks,External — network check required
apps/mantrixflow-docs/connections/private-database-access.mdx,https://learn.microsoft.com/en-us/azure/postgresql/security/security-firewall-rules,External — network check required
apps/mantrixflow-docs/connections/private-database-access.mdx,https://supabase.com/docs/guides/platform/network-restrictions,External — network check required
apps/mantrixflow-docs/connections/private-database-access.mdx,https://neon.com/docs/reference/cli-ip-allow,External — network check required
apps/mantrixflow-docs/connections/private-database-access.mdx,https://aiven.io/docs/platform/howto/restrict-access,External — network check required
apps/mantrixflow-docs/connections/private-database-access.mdx,https://docs.digitalocean.com/products/databases/postgresql/how-to/secure/,External — network check required
apps/mantrixflow-docs/connections/private-database-access.mdx,https://render.com/docs/databases,External — network check required
apps/mantrixflow-docs/connections/sources/cms/strapi.mdx,https://docs.strapi.io/,External — network check required
apps/mantrixflow-docs/connections/sources/crm/hubspot.mdx,/connections/destinations/postgresql,OK
apps/mantrixflow-docs/connections/sources/crm/hubspot.mdx,/connections/destinations/airtable,OK
apps/mantrixflow-docs/connections/sources/crm/hubspot.mdx,/example/pipelines/hubspot-to-postgres,OK
apps/mantrixflow-docs/connections/sources/customer-support/zendesk.mdx,https://support.zendesk.com/hc/en-us/articles/4408845965210-Using-OAuth-authentication-with-your-application,External — network check required
apps/mantrixflow-docs/connections/sources/customer-support/zendesk.mdx,https://developer.zendesk.com/documentation/marketplace/building-a-marketplace-app/set-up-a-global-oauth-client/,External — network check required
apps/mantrixflow-docs/connections/sources/database/clickhouse.mdx,/connections/private-database-access,OK
apps/mantrixflow-docs/connections/sources/database/clickhouse.mdx,/example/pipelines/clickhouse-and-mysql,OK
apps/mantrixflow-docs/connections/sources/database/cockroachdb.mdx,/connections/sources/database/postgresql,OK
apps/mantrixflow-docs/connections/sources/database/duckdb.mdx,/connections/destinations/duckdb,OK
apps/mantrixflow-docs/connections/sources/database/mariadb.mdx,/connections/sources/database/postgresql,OK
apps/mantrixflow-docs/connections/sources/database/mongodb.mdx,/connections/private-database-access,OK
apps/mantrixflow-docs/connections/sources/database/mongodb.mdx,/connections/destinations/mongodb,OK
apps/mantrixflow-docs/connections/sources/database/mongodb.mdx,/example/pipelines/mongodb-and-postgresql,OK
apps/mantrixflow-docs/connections/sources/database/mysql.mdx,/connections/private-database-access,OK
apps/mantrixflow-docs/connections/sources/database/mysql.mdx,/pipelines/data-type-compatibility,OK
apps/mantrixflow-docs/connections/sources/database/mysql.mdx,/connections/destinations/mysql,OK
apps/mantrixflow-docs/connections/sources/database/mysql.mdx,/example/pipelines/airtable-and-mysql,OK
apps/mantrixflow-docs/connections/sources/database/postgresql.mdx,/connections/private-database-access,OK
apps/mantrixflow-docs/connections/sources/database/postgresql.mdx,/pipelines/data-type-compatibility,OK
apps/mantrixflow-docs/connections/sources/database/postgresql.mdx,/example/pipelines/postgres-to-postgres,OK
apps/mantrixflow-docs/connections/sources/database/postgresql.mdx,/example/pipelines/postgres-incremental,OK
apps/mantrixflow-docs/connections/sources/database/sqlite.mdx,/connections/sources/database/postgresql,OK
apps/mantrixflow-docs/connections/sources/developer-tools/github.mdx,/connections/overview,OK
apps/mantrixflow-docs/connections/sources/ecommerce/shopify.mdx,/connections/overview,OK
apps/mantrixflow-docs/connections/sources/finance/stripe.mdx,/example/pipelines/stripe-to-postgres,OK
apps/mantrixflow-docs/connections/sources/productivity/airtable.mdx,/example/pipelines/airtable-and-mysql,OK
apps/mantrixflow-docs/connections/sources/productivity/airtable.mdx,/connections/destinations/airtable,OK
apps/mantrixflow-docs/connections/sources/productivity/asana.mdx,https://app.asana.com/0/my-apps,External — network check required
apps/mantrixflow-docs/connections/sources/productivity/asana.mdx,https://developers.asana.com/docs/authentication,External — network check required
apps/mantrixflow-docs/connections/sources/productivity/asana.mdx,https://developers.asana.com/docs/rate-limits,External — network check required
apps/mantrixflow-docs/connections/sources/productivity/asana.mdx,/example/pipelines/asana-to-destinations,OK
apps/mantrixflow-docs/connections/sources/productivity/linear.mdx,https://linear.app/developers/graphql,External — network check required
apps/mantrixflow-docs/connections/sources/productivity/linear.mdx,https://linear.app/docs/security-and-access,External — network check required
apps/mantrixflow-docs/connections/sources/productivity/linear.mdx,https://linear.app/developers/pagination,External — network check required
apps/mantrixflow-docs/connections/sources/productivity/linear.mdx,https://linear.app/developers/rate-limiting,External — network check required
apps/mantrixflow-docs/connections/sources/productivity/notion.mdx,https://www.notion.so/my-integrations,External — network check required
apps/mantrixflow-docs/connections/sources/productivity/notion.mdx,/pipelines/sync-modes,OK
apps/mantrixflow-docs/connections/sources/productivity/notion.mdx,/sync-reference/incremental-sync,OK
apps/mantrixflow-docs/example/pipelines/airtable-and-mysql.mdx,/connections/sources/productivity/airtable,OK
apps/mantrixflow-docs/example/pipelines/airtable-and-mysql.mdx,/connections/destinations/airtable,OK
apps/mantrixflow-docs/example/pipelines/airtable-and-mysql.mdx,/connections/sources/database/mysql,OK
apps/mantrixflow-docs/example/pipelines/airtable-and-mysql.mdx,/connections/destinations/mysql,OK
apps/mantrixflow-docs/example/pipelines/asana-to-destinations.mdx,/connections/sources/productivity/asana,OK
apps/mantrixflow-docs/example/pipelines/clickhouse-and-mysql.mdx,/connections/sources/database/clickhouse,OK
apps/mantrixflow-docs/example/pipelines/clickhouse-and-mysql.mdx,/connections/destinations/clickhouse,OK
apps/mantrixflow-docs/example/pipelines/clickhouse-and-mysql.mdx,/connections/destinations/clickhouse,OK
apps/mantrixflow-docs/example/pipelines/clickhouse-and-mysql.mdx,/connections/sources/database/clickhouse,OK
apps/mantrixflow-docs/example/pipelines/clickhouse-and-mysql.mdx,/connections/destinations/clickhouse,OK
apps/mantrixflow-docs/example/pipelines/clickhouse-and-mysql.mdx,/example/pipelines/postgres-incremental,OK
apps/mantrixflow-docs/example/pipelines/hubspot-to-postgres.mdx,/connections/sources/crm/hubspot,OK
apps/mantrixflow-docs/example/pipelines/mongodb-and-postgresql.mdx,/connections/sources/database/mongodb,OK
apps/mantrixflow-docs/example/pipelines/mongodb-and-postgresql.mdx,/connections/destinations/mongodb,OK
apps/mantrixflow-docs/example/pipelines/mongodb-and-postgresql.mdx,/connections/sources/database/mongodb,OK
apps/mantrixflow-docs/example/pipelines/mongodb-and-postgresql.mdx,/connections/destinations/mongodb,OK
apps/mantrixflow-docs/example/pipelines/stripe-to-postgres.mdx,/connections/sources/finance/stripe,OK
apps/mantrixflow-docs/getting-started/faq.mdx,/connections/overview,OK
apps/mantrixflow-docs/getting-started/faq.mdx,/troubleshooting,OK
apps/mantrixflow-docs/getting-started/introduction.mdx,/getting-started/quick-start,OK
apps/mantrixflow-docs/getting-started/introduction.mdx,/connections/sources/crm/hubspot,OK
apps/mantrixflow-docs/getting-started/introduction.mdx,/example/pipelines/airtable-and-mysql,OK
apps/mantrixflow-docs/getting-started/introduction.mdx,/example/pipelines/mongodb-and-postgresql,OK
apps/mantrixflow-docs/index.mdx,/getting-started/quick-start,OK
apps/mantrixflow-docs/index.mdx,/getting-started/core-concepts,OK
apps/mantrixflow-docs/index.mdx,/connections/overview,OK
apps/mantrixflow-docs/index.mdx,/pipelines/overview,OK
apps/mantrixflow-docs/index.mdx,/example/pipelines/postgres-to-postgres,OK
apps/mantrixflow-docs/index.mdx,/example/pipelines/postgres-incremental,OK
apps/mantrixflow-docs/index.mdx,/example/pipelines/stripe-to-postgres,OK
apps/mantrixflow-docs/index.mdx,/example/pipelines/hubspot-to-postgres,OK
apps/mantrixflow-docs/index.mdx,/example/pipelines/airtable-and-mysql,OK
apps/mantrixflow-docs/index.mdx,/example/pipelines/asana-to-destinations,OK
apps/mantrixflow-docs/index.mdx,/connections/sources/productivity/notion,OK
apps/mantrixflow-docs/index.mdx,/connections/sources/productivity/linear,OK
apps/mantrixflow-docs/index.mdx,/connections/sources/customer-support/zendesk,OK
apps/mantrixflow-docs/index.mdx,/connections/sources/developer-tools/github,OK
apps/mantrixflow-docs/index.mdx,/example/pipelines/mongodb-and-postgresql,OK
apps/mantrixflow-docs/pipelines/transformation-rules.mdx,/pipelines/dbt-layer,OK
apps/mantrixflow-docs/pricing.mdx,mailto:support@mantrixflow.com,External contact link — syntax only
apps/mantrixflow-docs/pricing.mdx,/billing-breakdown,OK
apps/mantrixflow-docs/sync-reference/cdc-overview.mdx,/sync-reference/full-sync,OK
apps/mantrixflow-docs/sync-reference/cdc-overview.mdx,/sync-reference/incremental-sync,OK
apps/mantrixflow-docs/sync-reference/cdc-postgresql.mdx,/sync-reference/incremental-sync,OK
apps/mantrixflow-docs/troubleshooting/index.mdx,/connections/private-database-access,OK
apps/mantrixflow-docs/troubleshooting/index.mdx,/pipelines/dbt-layer,OK
apps/mantrixflow-docs/troubleshooting/index.mdx,/sync-reference/incremental-sync,OK
apps/mantrixflow-docs/troubleshooting/index.mdx,/sync-reference/sync-state,OK
apps/mantrixflow-docs/troubleshooting/index.mdx,mailto:support@mantrixflow.com,External contact link — syntax only
apps/mantrixflow-docs/user-guide/connections.mdx,/connections/sources/crm/hubspot,OK
apps/mantrixflow-docs/user-guide/connections.mdx,/connections/sources/finance/stripe,OK
apps/mantrixflow-docs/user-guide/connections.mdx,/connections/sources/productivity/airtable,OK
apps/mantrixflow-docs/user-guide/connections.mdx,/connections/sources/database/mysql,OK
apps/mantrixflow-docs/user-guide/connections.mdx,/connections/sources/database/mongodb,OK
apps/mantrixflow-docs/user-guide/connections.mdx,/connections/sources/productivity/asana,OK
apps/mantrixflow-docs/user-guide/connections.mdx,/connections/sources/productivity/linear,OK
apps/mantrixflow-docs/user-guide/connections.mdx,/connections/sources/productivity/notion,OK
apps/mantrixflow-docs/user-guide/connections.mdx,/connections/sources/developer-tools/github,OK
apps/mantrixflow-docs/user-guide/connections.mdx,/connections/destinations/mongodb,OK
apps/mantrixflow-docs/user-guide/index.mdx,/user-guide/oria-copilot,OK
apps/mantrixflow-docs/user-guide/index.mdx,/user-guide/connections,OK
apps/mantrixflow-docs/user-guide/index.mdx,/user-guide/pipelines,OK
apps/mantrixflow-docs/user-guide/index.mdx,/user-guide/transformations-and-branches,OK
apps/mantrixflow-docs/user-guide/index.mdx,/user-guide/organizations,OK
apps/mantrixflow-docs/user-guide/index.mdx,/user-guide/activity-and-edge-cases,OK
apps/mantrixflow-docs/user-guide/organizations.mdx,/images/user-guide/ug-organization-create-form.png,OK
apps/mantrixflow-docs/user-guide/organizations.mdx,/images/user-guide/ug-organization-switcher.png,OK
apps/mantrixflow-docs/user-guide/organizations.mdx,/images/user-guide/ug-settings-organization.png,OK
apps/mantrixflow-docs/user-guide/transformations-and-branches.mdx,/pipelines/dbt-layer,OK
md-docs/README.md,./infrastructure/setup/ovh-dokploy-microsandbox.md,OK
md-docs/README.md,./deployment/infrastructure/ovh-microsandbox-runbook.md,OK
md-docs/README.md,./infrastructure/ci-cd/github-actions.md,OK
md-docs/README.md,./infrastructure/architecture/production-architecture.md,OK
md-docs/README.md,./architecture/simulation/platform.md,OK
md-docs/README.md,./architecture/elt/strict-pipeline-guide.md,OK
md-docs/README.md,./testing/local-development.md,OK
md-docs/README.md,./infrastructure/setup/ovh-dokploy-microsandbox.md,OK
md-docs/README.md,./deployment/infrastructure/ovh-microsandbox-runbook.md,OK
md-docs/README.md,./deployment/services/go-api-simulation-manager.md,OK
md-docs/README.md,./deployment/services/python-elt-simulation-runtime.md,OK
md-docs/README.md,./infrastructure/ci-cd/github-actions.md,OK
md-docs/README.md,./infrastructure/ci-cd/deployment-independence.md,OK
md-docs/README.md,./infrastructure/networking/private-network.md,OK
md-docs/README.md,./infrastructure/operations/dokploy.md,OK
md-docs/README.md,./infrastructure/operations/backup-restore.md,OK
md-docs/README.md,./infrastructure/storage/tigris.md,OK
md-docs/README.md,./infrastructure/database/supabase-transition.md,OK
md-docs/README.md,./infrastructure/database/supabase-rls-guide.md,OK
md-docs/README.md,./deployment/frontend/,OK
md-docs/README.md,./deployment/legacy/,OK
md-docs/README.md,./architecture/elt/strict-pipeline-guide.md,OK
md-docs/README.md,./architecture/elt/source-to-destination-flow.md,OK
md-docs/README.md,./architecture/simulation/platform.md,OK
md-docs/README.md,./architecture/simulation/implementation-report.md,OK
md-docs/README.md,./architecture/frontend/analytics-page-implementation.md,OK
md-docs/README.md,../.cursor/rules/strict-elt-invariants.mdc,OK
md-docs/README.md,../.cursor/rules/elt-flow-diagram.mdc,OK
md-docs/README.md,./operations/observability/betterstack-setup.md,OK
md-docs/README.md,./operations/observability/posthog-setup.md,OK
md-docs/README.md,./operations/observability/posthog-full-integration.md,OK
md-docs/README.md,./operations/observability/deployment.md,OK
md-docs/README.md,./integrations/billing/,OK
md-docs/README.md,./integrations/connectors/,OK
md-docs/README.md,./integrations/email/,OK
md-docs/README.md,./github/,OK
md-docs/README.md,./audits/connectors/,OK
md-docs/README.md,./ai/oria/,OK
md-docs/README.md,./ai/agent-grid/,OK
md-docs/README.md,./agents/README.md,OK
md-docs/README.md,./audits/connectors/,OK
md-docs/README.md,./audits/frontend/,OK
md-docs/README.md,./audits/product/,OK
md-docs/README.md,./audits/legal/,OK
md-docs/README.md,./infrastructure/reports/,OK
md-docs/README.md,./testing/reports/,OK
md-docs/README.md,./content-audit/,OK
md-docs/README.md,./testing/local-development.md,OK
md-docs/README.md,./testing/test-cases.md,OK
md-docs/README.md,./testing/frontend/README.md,OK
md-docs/README.md,./manual-testing/README.md,OK
md-docs/README.md,./testing/reports/,OK
md-docs/agents/README.md,./flow-charts.md,OK
md-docs/agents/README.md,./workflows.md,OK
md-docs/agents/README.md,./setup-guide.md,OK
md-docs/agents/README.md,./model-providers.md,OK
md-docs/agents/README.md,./how-it-works.md,OK
md-docs/agents/setup-guide.md,./model-providers.md,OK
md-docs/ai/agent-grid/README.md,./quick-start.md,OK
md-docs/ai/agent-grid/README.md,./implementation.md,OK
md-docs/ai/agent-grid/README.md,./ui-guide.md,OK
md-docs/ai/oria/README.md,./agent-setup.md,OK
md-docs/ai/oria/README.md,./adk-to-ai-sdk-migration.md,OK
md-docs/ai/oria/README.md,./agent-testing-guide.md,OK
md-docs/ai/oria/README.md,./browser-ui-test-log.md,OK
md-docs/ai/oria/README.md,./copilot-phase-1.md,OK
md-docs/ai/oria/README.md,./summary-agent.md,OK
md-docs/ai/oria/adk-to-ai-sdk-migration.md,./agent-setup.md,OK
md-docs/ai/oria/adk-to-ai-sdk-migration.md,./browser-ui-test-log.md,OK
md-docs/ai/oria/adk-to-ai-sdk-migration.md,./agent-testing-guide.md,OK
md-docs/ai/oria/agent-setup.md,./adk-to-ai-sdk-migration.md,OK
md-docs/ai/oria/agent-testing-guide.md,./test-prompts-release1-read.md,OK
md-docs/ai/oria/agent-testing-guide.md,./test-prompts-release2-action.md,OK
md-docs/ai/oria/agent-testing-guide.md,./test-prompts-release3-automation.md,OK
md-docs/ai/oria/agent-testing-guide.md,./test-prompts-release4-intelligence.md,OK
md-docs/ai/oria/agent-testing-guide.md,./test-prompts-release5-enterprise.md,OK
md-docs/ai/oria/agent-testing-guide.md,./test-prompts-release6-platform.md,OK
md-docs/ai/oria/agent-testing-guide.md,./agent-setup.md,OK
md-docs/ai/oria/agent-testing-guide.md,./agent-setup.md,OK
md-docs/ai/oria/agent-testing-guide.md,./adk-to-ai-sdk-migration.md,OK
md-docs/ai/oria/agent-testing-guide.md,./browser-ui-test-log.md,OK
md-docs/ai/oria/browser-ui-test-log.md,./test-prompts-release1-read.md,OK
md-docs/ai/oria/copilot-phase-1.md,./agent-setup.md,OK
md-docs/ai/oria/copilot-phase-1.md,./adk-to-ai-sdk-migration.md,OK
md-docs/ai/oria/test-prompts-release1-read.md,./agent-setup.md,OK
md-docs/architecture/elt/strict-pipeline-guide.md,../../../.cursor/rules/strict-elt-invariants.mdc,OK
md-docs/architecture/elt/strict-pipeline-guide.md,../../../.cursor/rules/elt-flow-diagram.mdc,OK
md-docs/architecture/elt/strict-pipeline-guide.md,../../../.cursor/rules/strict-elt-invariants.mdc,OK
md-docs/architecture/elt/strict-pipeline-guide.md,../../testing/local-development.md,OK
md-docs/architecture/simulation/implementation-report.md,../../infrastructure/setup/ovh-dokploy-microsandbox.md,OK
md-docs/architecture/simulation/platform.md,../../infrastructure/setup/ovh-dokploy-microsandbox.md,OK
md-docs/audits/connectors/linear-source-connector-audit.md,https://dlthub.com/workspace/source/linear,External — network check required
md-docs/audits/connectors/linear-source-connector-audit.md,https://dlthub.com/docs/dlt-ecosystem/verified-sources,External — network check required
md-docs/audits/connectors/linear-source-connector-audit.md,https://linear.app/developers/graphql,External — network check required
md-docs/audits/connectors/linear-source-connector-audit.md,https://github.com/linear/linear/blob/master/packages/sdk/src/schema.graphql,External — network check required
md-docs/audits/connectors/linear-source-connector-audit.md,https://linear.app/developers/graphql,External — network check required
md-docs/audits/connectors/linear-source-connector-audit.md,https://linear.app/developers/oauth-2-0-authentication,External — network check required
md-docs/audits/connectors/linear-source-connector-audit.md,https://linear.app/developers/filtering,External — network check required
md-docs/audits/connectors/linear-source-connector-audit.md,https://linear.app/developers/pagination,External — network check required
md-docs/audits/connectors/linear-source-connector-audit.md,https://linear.app/developers/rate-limiting,External — network check required
md-docs/audits/connectors/notion-source-connector-audit.md,https://developers.notion.com/reference/versioning,External — network check required
md-docs/audits/connectors/notion-source-connector-audit.md,https://developers.notion.com/guides/get-started/upgrade-guide-2025-09-03,External — network check required
md-docs/audits/connectors/notion-source-connector-audit.md,https://dlthub.com/docs/dlt-ecosystem/verified-sources/notion,External — network check required
md-docs/audits/connectors/notion-source-connector-audit.md,https://raw.githubusercontent.com/dlt-hub/verified-sources/master/sources/notion/helpers/client.py,External — network check required
md-docs/audits/connectors/notion-source-connector-audit.md,https://raw.githubusercontent.com/dlt-hub/verified-sources/master/sources/notion/helpers/database.py,External — network check required
md-docs/audits/connectors/notion-source-connector-audit.md,https://developers.notion.com/reference/search-optimizations-and-limitations,External — network check required
md-docs/audits/connectors/strapi-source-connector-audit.md,https://dlthub.com/docs/dlt-ecosystem/verified-sources/strapi,External — network check required
md-docs/audits/connectors/strapi-source-connector-audit.md,https://docs.strapi.io/,External — network check required
md-docs/audits/frontend/README.md,./architecture-final.md,OK
md-docs/audits/frontend/README.md,./file-size.md,OK
md-docs/audits/frontend/README.md,./fractal-architecture-report.md,OK
md-docs/audits/frontend/README.md,./refactor-final-report.md,OK
md-docs/audits/frontend/architecture-final.md,/...,Missing route
md-docs/audits/frontend/architecture-final.md,/workspace,Missing route
md-docs/audits/frontend/fractal-architecture-report.md,/...,Missing route
md-docs/audits/legal/README.md,./ceo-legal-claims-review.md,OK
md-docs/audits/product/README.md,./oria-twenty-ai-experience-audit.md,OK
md-docs/deployment/frontend/README.md,./vercel.md,OK
md-docs/deployment/frontend/README.md,./vercel-deployment.md,OK
md-docs/deployment/infrastructure/ovh-microsandbox-runbook.md,../../infrastructure/setup/ovh-dokploy-microsandbox.md,OK
md-docs/deployment/infrastructure/ovh-microsandbox-runbook.md,../../infrastructure/operations/dokploy.md,OK
md-docs/deployment/legacy/README.md,./oracle-cloud.md,OK
md-docs/deployment/legacy/oracle-cloud.md,https://docs.oracle.com/en-us/iaas/Content/FreeTier/freetier_topic-Always_Free_Resources.htm,External — network check required
md-docs/deployment/legacy/oracle-cloud.md,https://docs.oracle.com/en-us/iaas/Content/FreeTier/freetier.htm,External — network check required
md-docs/deployment/legacy/oracle-cloud.md,https://www.oracle.com/cloud/free/,External — network check required
md-docs/deployment/legacy/oracle-cloud.md,https://www.cloudflare.com/plans/free/,External — network check required
md-docs/deployment/services/go-api-simulation-manager.md,../../infrastructure/setup/ovh-dokploy-microsandbox.md,OK
md-docs/deployment/services/go-api-simulation-manager.md,../infrastructure/ovh-microsandbox-runbook.md,OK
md-docs/deployment/services/go-api-simulation-manager.md,../../infrastructure/ci-cd/github-actions.md,OK
md-docs/deployment/services/python-elt-simulation-runtime.md,../../infrastructure/setup/ovh-dokploy-microsandbox.md,OK
md-docs/deployment/services/python-elt-simulation-runtime.md,../infrastructure/ovh-microsandbox-runbook.md,OK
md-docs/deployment/services/python-elt-simulation-runtime.md,../../infrastructure/ci-cd/github-actions.md,OK
md-docs/github/README.md,backend-plan.md,OK
md-docs/github/README.md,yaml-contract.md,OK
md-docs/github/README.md,frontend-plan.md,OK
md-docs/github/README.md,test-plan.md,OK
md-docs/github/README.md,setup/github-app-setup.md,OK
md-docs/infrastructure/architecture/production-architecture.md,../setup/ovh-dokploy-microsandbox.md,OK
md-docs/infrastructure/networking/private-network.md,../setup/ovh-dokploy-microsandbox.md,OK
md-docs/infrastructure/operations/dokploy.md,../ci-cd/github-actions.md,OK
md-docs/infrastructure/operations/dokploy.md,../setup/ovh-dokploy-microsandbox.md,OK
md-docs/infrastructure/reports/README.md,./ci-cd-implementation.md,OK
md-docs/infrastructure/setup/ovh-dokploy-microsandbox.md,../ci-cd/github-actions.md,OK
md-docs/infrastructure/setup/ovh-dokploy-microsandbox.md,../ci-cd/github-actions.md,OK
md-docs/infrastructure/setup/ovh-dokploy-microsandbox.md,../../deployment/infrastructure/ovh-microsandbox-runbook.md,OK
md-docs/infrastructure/storage/tigris.md,../../../apps/arcyria-infra/backup/README.md,OK
md-docs/integrations/billing/README.md,./dodo-billingsdk.md,OK
md-docs/integrations/billing/README.md,./dodo-payments-setup.md,OK
md-docs/integrations/billing/README.md,./dodo-payments-flowchart.md,OK
md-docs/integrations/billing/README.md,./dodo-autosend-transformations.md,OK
md-docs/integrations/billing/dodo-payments-flowchart.md,./dodo-billingsdk.md,OK
md-docs/integrations/connectors/README.md,./saas-sources-group2.md,OK
md-docs/integrations/connectors/README.md,./salesforce-postgres-setup.md,OK
md-docs/integrations/connectors/README.md,./salesforce-postgres-testing.md,OK
md-docs/integrations/connectors/README.md,./slack-guide.md,OK
md-docs/integrations/connectors/README.md,./stripe-ai-prompts.md,OK
md-docs/integrations/connectors/README.md,./zendesk-oauth-setup.md,OK
md-docs/integrations/connectors/README.md,./plans/hubspot-postgres-full-phase.md,OK
md-docs/integrations/connectors/README.md,../../audits/connectors/README.md,OK
md-docs/integrations/connectors/plans/hubspot-postgres-full-phase.md,https://dlthub.com/docs/dlt-ecosystem/verified-sources/hubspot,External — network check required
md-docs/integrations/connectors/plans/hubspot-postgres-full-phase.md,https://dlthub.com/docs/general-usage/source,External — network check required
md-docs/integrations/connectors/plans/hubspot-postgres-full-phase.md,https://docs.estuary.dev/reference/Connectors/capture-connectors/HubSpot-real-time/,External — network check required
md-docs/integrations/connectors/plans/hubspot-postgres-full-phase.md,https://developers.hubspot.com/docs/developer-tooling/platform/usage-guidelines,External — network check required
md-docs/integrations/connectors/plans/hubspot-postgres-full-phase.md,https://developers.hubspot.com/docs/api-reference/latest/crm/using-object-apis,External — network check required
md-docs/integrations/connectors/plans/hubspot-postgres-full-phase.md,https://developers.hubspot.com/docs/apps/developer-platform/build-apps/authentication/scopes,External — network check required
md-docs/integrations/connectors/plans/hubspot-postgres-full-phase.md,https://developers.hubspot.com/docs/api-reference/latest/crm/limits-tracking/guide,External — network check required
md-docs/integrations/connectors/zendesk-oauth-setup.md,https://developer.zendesk.com/documentation/authentication/oauth-migration/,External — network check required
md-docs/integrations/connectors/zendesk-oauth-setup.md,https://developer.zendesk.com/documentation/marketplace/building-a-marketplace-app/set-up-a-global-oauth-client/,External — network check required
md-docs/integrations/connectors/zendesk-oauth-setup.md,https://developer.zendesk.com/api-reference/ticketing/oauth/oauth_tokens/#scopes,External — network check required
md-docs/integrations/connectors/zendesk-oauth-setup.md,https://developer.zendesk.com/api-reference/ticketing/introduction/,External — network check required
md-docs/integrations/connectors/zendesk-oauth-setup.md,https://developer.zendesk.com/api-reference/live-chat/chat-conversations-api/conversations-api/,External — network check required
md-docs/integrations/email/README.md,./aws-ses-setup.md,OK
md-docs/integrations/email/README.md,./supabase-auth-templates.md,OK
md-docs/integrations/email/README.md,./autosend/email-system-plan.md,OK
md-docs/integrations/email/autosend/dodo-supabase-production-runbook.md,../../billing/dodo-autosend-transformations.md,OK
md-docs/integrations/email/autosend/dodo-supabase-production-runbook.md,./template-id-map.md,OK
md-docs/integrations/email/autosend/dodo-supabase-production-runbook.md,https://docs.dodopayments.com/integrations/autosend,External — network check required
md-docs/integrations/email/autosend/dodo-supabase-production-runbook.md,https://docs.autosend.com/api-reference/introduction,External — network check required
md-docs/integrations/email/autosend/dodo-supabase-production-runbook.md,https://docs.autosend.com/quickstart/smtp,External — network check required
md-docs/integrations/email/autosend/dodo-supabase-production-runbook.md,https://supabase.com/docs/guides/auth/auth-smtp,External — network check required
md-docs/integrations/email/autosend/email-system-plan.md,../../billing/dodo-autosend-transformations.md,OK
md-docs/integrations/email/autosend/email-system-plan.md,./template-id-map.md,OK
md-docs/integrations/email/autosend/email-system-plan.md,./dodo-supabase-production-runbook.md,OK
md-docs/integrations/email/autosend/email-system-plan.md,https://docs.dodopayments.com/integrations/autosend,External — network check required
md-docs/integrations/email/autosend/email-system-plan.md,https://docs.autosend.com/api-reference/mails/send,External — network check required
md-docs/integrations/email/autosend/email-system-plan.md,https://docs.autosend.com/quickstart/smtp,External — network check required
md-docs/integrations/email/autosend/email-system-plan.md,https://supabase.com/docs/guides/auth/auth-smtp,External — network check required
md-docs/integrations/email/autosend/production-deployment-guide.md,../supabase-auth-templates.md,OK
md-docs/integrations/email/autosend/production-deployment-guide.md,https://docs.autosend.com/api-reference/introduction,External — network check required
md-docs/integrations/email/autosend/production-deployment-guide.md,https://docs.autosend.com/quickstart/smtp,External — network check required
md-docs/integrations/email/autosend/production-deployment-guide.md,https://docs.dodopayments.com/integrations/autosend,External — network check required
md-docs/integrations/email/autosend/production-deployment-guide.md,https://supabase.com/docs/guides/auth/auth-email-templates,External — network check required
md-docs/integrations/email/autosend/template-design-guide.md,mailto:support@mantrixflow.com,External contact link — syntax only
md-docs/integrations/email/aws-ses-setup.md,https://docs.aws.amazon.com/ses/latest/dg/creating-identities.html,External — network check required
md-docs/integrations/email/aws-ses-setup.md,https://docs.aws.amazon.com/ses/latest/dg/mail-from.html,External — network check required
md-docs/integrations/email/aws-ses-setup.md,https://docs.aws.amazon.com/ses/latest/dg/creating-configuration-sets.html,External — network check required
md-docs/integrations/email/aws-ses-setup.md,https://docs.aws.amazon.com/ses/latest/dg/request-production-access.html,External — network check required
md-docs/integrations/email/aws-ses-setup.md,https://docs.aws.amazon.com/ses/latest/dg/smtp-credentials.html,External — network check required
md-docs/integrations/email/aws-ses-setup.md,https://supabase.com/docs/guides/auth/auth-smtp,External — network check required
md-docs/integrations/email/supabase-auth-templates.md,mailto:support@mantrixflow.com,External contact link — syntax only
md-docs/integrations/email/supabase-auth-templates.md,mailto:support@mantrixflow.com,External contact link — syntax only
md-docs/integrations/email/supabase-auth-templates.md,mailto:support@mantrixflow.com,External contact link — syntax only
md-docs/integrations/email/supabase-auth-templates.md,mailto:support@mantrixflow.com,External contact link — syntax only
md-docs/integrations/email/supabase-auth-templates.md,mailto:support@mantrixflow.com,External contact link — syntax only
md-docs/integrations/email/supabase-auth-templates.md,mailto:support@mantrixflow.com,External contact link — syntax only
md-docs/manual-testing/README.md,../testing/local-development.md,OK
md-docs/manual-testing/README.md,./postgres-to-postgres-data-types-ui.md,OK
md-docs/manual-testing/pipeline-step-by-step.md,pipelines/saas/11-hubspot-to-postgres.md,OK
md-docs/manual-testing/pipelines/README.md,saas/01-stripe-to-postgres.md,OK
md-docs/manual-testing/pipelines/README.md,saas/02-stripe-to-mysql.md,OK
md-docs/manual-testing/pipelines/README.md,saas/03-stripe-to-mariadb.md,OK
md-docs/manual-testing/pipelines/README.md,saas/04-stripe-to-sqlite.md,OK
md-docs/manual-testing/pipelines/README.md,saas/05-stripe-to-cockroachdb.md,OK
md-docs/manual-testing/pipelines/README.md,saas/06-shopify-to-postgres.md,OK
md-docs/manual-testing/pipelines/README.md,saas/07-shopify-to-mysql.md,OK
md-docs/manual-testing/pipelines/README.md,saas/08-shopify-to-mariadb.md,OK
md-docs/manual-testing/pipelines/README.md,saas/09-shopify-to-sqlite.md,OK
md-docs/manual-testing/pipelines/README.md,saas/10-shopify-to-cockroachdb.md,OK
md-docs/manual-testing/pipelines/README.md,saas/11-hubspot-to-postgres.md,OK
md-docs/manual-testing/pipelines/README.md,saas/12-hubspot-to-mysql.md,OK
md-docs/manual-testing/pipelines/README.md,saas/13-hubspot-to-mariadb.md,OK
md-docs/manual-testing/pipelines/README.md,saas/14-hubspot-to-sqlite.md,OK
md-docs/manual-testing/pipelines/README.md,saas/15-hubspot-to-cockroachdb.md,OK
md-docs/manual-testing/pipelines/README.md,saas/16-github-to-postgres.md,OK
md-docs/manual-testing/pipelines/README.md,saas/17-github-to-mysql.md,OK
md-docs/manual-testing/pipelines/README.md,saas/18-github-to-mariadb.md,OK
md-docs/manual-testing/pipelines/README.md,saas/19-github-to-sqlite.md,OK
md-docs/manual-testing/pipelines/README.md,saas/20-github-to-cockroachdb.md,OK
md-docs/manual-testing/pipelines/README.md,saas/21-notion-to-postgres.md,OK
md-docs/manual-testing/pipelines/README.md,saas/22-notion-to-mysql.md,OK
md-docs/manual-testing/pipelines/README.md,saas/23-notion-to-mariadb.md,OK
md-docs/manual-testing/pipelines/README.md,saas/24-notion-to-sqlite.md,OK
md-docs/manual-testing/pipelines/README.md,saas/25-notion-to-cockroachdb.md,OK
md-docs/manual-testing/pipelines/README.md,db/26-postgres-to-postgres.md,OK
md-docs/manual-testing/pipelines/README.md,db/27-postgres-to-mysql.md,OK
md-docs/manual-testing/pipelines/README.md,db/28-postgres-to-mariadb.md,OK
md-docs/manual-testing/pipelines/README.md,db/29-postgres-to-sqlite.md,OK
md-docs/manual-testing/pipelines/README.md,db/30-postgres-to-cockroachdb.md,OK
md-docs/manual-testing/pipelines/README.md,db/31-mysql-to-postgres.md,OK
md-docs/manual-testing/pipelines/README.md,db/32-mysql-to-mysql.md,OK
md-docs/manual-testing/pipelines/README.md,db/33-mysql-to-mariadb.md,OK
md-docs/manual-testing/pipelines/README.md,db/34-mysql-to-sqlite.md,OK
md-docs/manual-testing/pipelines/README.md,db/35-mysql-to-cockroachdb.md,OK
md-docs/manual-testing/pipelines/README.md,db/36-mariadb-to-postgres.md,OK
md-docs/manual-testing/pipelines/README.md,db/37-mariadb-to-mysql.md,OK
md-docs/manual-testing/pipelines/README.md,db/38-mariadb-to-mariadb.md,OK
md-docs/manual-testing/pipelines/README.md,db/39-mariadb-to-sqlite.md,OK
md-docs/manual-testing/pipelines/README.md,db/40-mariadb-to-cockroachdb.md,OK
md-docs/manual-testing/pipelines/README.md,db/41-sqlite-to-postgres.md,OK
md-docs/manual-testing/pipelines/README.md,db/42-sqlite-to-mysql.md,OK
md-docs/manual-testing/pipelines/README.md,db/43-sqlite-to-mariadb.md,OK
md-docs/manual-testing/pipelines/README.md,db/44-sqlite-to-sqlite.md,OK
md-docs/manual-testing/pipelines/README.md,db/45-sqlite-to-cockroachdb.md,OK
md-docs/manual-testing/pipelines/README.md,db/46-cockroachdb-to-postgres.md,OK
md-docs/manual-testing/pipelines/README.md,db/47-cockroachdb-to-mysql.md,OK
md-docs/manual-testing/pipelines/README.md,db/48-cockroachdb-to-mariadb.md,OK
md-docs/manual-testing/pipelines/README.md,db/49-cockroachdb-to-sqlite.md,OK
md-docs/manual-testing/pipelines/README.md,db/50-cockroachdb-to-cockroachdb.md,OK
md-docs/manual-testing/pipelines/saas/11-hubspot-to-postgres.md,../../sources/hubspot.md,OK
md-docs/manual-testing/ui-testing/README.md,builder-walkthrough.md,OK
md-docs/manual-testing/ui-testing/README.md,saas/stripe-ui.md,OK
md-docs/manual-testing/ui-testing/README.md,saas/shopify-ui.md,OK
md-docs/manual-testing/ui-testing/README.md,saas/hubspot-ui.md,OK
md-docs/manual-testing/ui-testing/README.md,saas/github-ui.md,OK
md-docs/manual-testing/ui-testing/README.md,saas/notion-ui.md,OK
md-docs/manual-testing/ui-testing/README.md,db/postgres-ui.md,OK
md-docs/manual-testing/ui-testing/README.md,db/mysql-ui.md,OK
md-docs/manual-testing/ui-testing/README.md,db/mariadb-ui.md,OK
md-docs/manual-testing/ui-testing/README.md,db/sqlite-ui.md,OK
md-docs/manual-testing/ui-testing/README.md,db/cockroachdb-ui.md,OK
md-docs/operations/observability/betterstack-setup.md,./deployment.md,OK
md-docs/operations/observability/betterstack-setup.md,../../deployment/infrastructure/ovh-microsandbox-runbook.md,OK
md-docs/operations/observability/betterstack-setup.md,https://betterstack.com,External — network check required
md-docs/operations/observability/betterstack-setup.md,./deployment.md,OK
md-docs/operations/observability/betterstack-setup.md,./deployment.md,OK
md-docs/operations/observability/betterstack-setup.md,./posthog-setup.md,OK
md-docs/operations/observability/betterstack-setup.md,./deployment.md,OK
md-docs/operations/observability/betterstack-status-page-creation.md,./betterstack-setup.md,OK
md-docs/operations/observability/betterstack-status-page-creation.md,./deployment.md,OK
md-docs/operations/observability/deployment.md,../../deployment/infrastructure/ovh-microsandbox-runbook.md,OK
md-docs/operations/observability/deployment.md,./betterstack-setup.md,OK
md-docs/operations/observability/deployment.md,./posthog-setup.md,OK
md-docs/operations/observability/deployment.md,../../deployment/infrastructure/ovh-microsandbox-runbook.md,OK
md-docs/operations/observability/deployment.md,./posthog-setup.md,OK
md-docs/operations/observability/deployment.md,./betterstack-setup.md,OK
md-docs/operations/observability/deployment.md,./posthog-setup.md,OK
md-docs/operations/observability/deployment.md,./betterstack-setup.md,OK
md-docs/operations/observability/deployment.md,./posthog-setup.md,OK
md-docs/operations/observability/deployment.md,./betterstack-setup.md,OK
md-docs/operations/observability/deployment.md,./posthog-setup.md,OK
md-docs/operations/observability/deployment.md,../../deployment/frontend/vercel.md,OK
md-docs/operations/observability/deployment.md,../../deployment/infrastructure/ovh-microsandbox-runbook.md,OK
md-docs/operations/observability/deployment.md,../../deployment/infrastructure/ovh-microsandbox-runbook.md,OK
md-docs/operations/observability/posthog-betterstack-setup.md,./betterstack-setup.md,OK
md-docs/operations/observability/posthog-betterstack-setup.md,./posthog-setup.md,OK
md-docs/operations/observability/posthog-betterstack-setup.md,./deployment.md,OK
md-docs/operations/observability/posthog-full-integration.md,https://status.mantrixflow.com,External — network check required
md-docs/operations/observability/posthog-full-integration.md,./posthog-setup.md,OK
md-docs/operations/observability/posthog-full-integration.md,./betterstack-setup.md,OK
md-docs/operations/observability/posthog-full-integration.md,./deployment.md,OK
md-docs/operations/observability/posthog-full-integration.md,../../../apps/arcyria-platform/lib/posthog/events.ts,OK
md-docs/operations/observability/posthog-full-integration.md,../../../apps/arcyria-platform/shared/providers/posthog-identify.tsx,OK
md-docs/operations/observability/posthog-full-integration.md,../../../apps/server/arcyria-server/internal/observability/posthog.go,OK
md-docs/operations/observability/posthog-full-integration.md,../../../apps/server/arcyria-server/internal/server/incident_webhook.go,OK
md-docs/operations/observability/posthog-full-integration.md,../../../apps/arcyria-platform/hooks/use-feature-flag.ts,OK
md-docs/operations/observability/posthog-full-integration.md,../../../apps/arcyria-platform/lib/posthog/client.ts,OK
md-docs/operations/observability/posthog-full-integration.md,../../deployment/infrastructure/ovh-microsandbox-runbook.md,OK
md-docs/operations/observability/posthog-full-integration.md,./deployment.md,OK
md-docs/operations/observability/posthog-full-integration.md,./posthog-setup.md,OK
md-docs/operations/observability/posthog-setup.md,https://us.posthog.com,External — network check required
md-docs/operations/observability/posthog-setup.md,./deployment.md,OK
md-docs/operations/observability/posthog-setup.md,https://us.posthog.com,External — network check required
md-docs/operations/observability/posthog-setup.md,https://posthog.com/docs/getting-started/install,External — network check required
md-docs/operations/observability/posthog-setup.md,https://us.posthog.com,External — network check required
md-docs/operations/observability/posthog-setup.md,https://posthog.com/docs/error-tracking/alerts,External — network check required
md-docs/operations/observability/posthog-setup.md,https://posthog.com/docs/error-tracking/installation/nextjs,External — network check required
md-docs/operations/observability/posthog-setup.md,https://posthog.com/docs/getting-started/install,External — network check required
md-docs/operations/observability/posthog-setup.md,https://cloud.mantrixflow.com,External — network check required
md-docs/operations/observability/posthog-setup.md,https://posthog.com/docs/getting-started/identify,External — network check required
md-docs/operations/observability/posthog-setup.md,https://posthog.com/docs/error-tracking/alerts,External — network check required
md-docs/operations/observability/posthog-setup.md,https://status.mantrixflow.com,External — network check required
md-docs/operations/observability/posthog-setup.md,./betterstack-setup.md,OK
md-docs/operations/observability/posthog-setup.md,https://posthog.com/docs/error-tracking/spikes,External — network check required
md-docs/operations/observability/posthog-setup.md,/apps/server/arcyria-server/internal/server/middleware.go,OK
md-docs/operations/observability/posthog-setup.md,./betterstack-setup.md,OK
md-docs/operations/observability/posthog-setup.md,./deployment.md,OK
md-docs/operations/observability/posthog-setup.md,./betterstack-setup.md,OK
md-docs/testing/frontend/README.md,./playwright-guide.md,OK
md-docs/testing/frontend/README.md,./reports/README.md,OK
md-docs/testing/frontend/playwright-guide.md,https://bun.sh/,External — network check required
md-docs/testing/frontend/reports/README.md,./final-test-summary.md,OK
md-docs/testing/frontend/reports/README.md,./test-summary.md,OK
md-docs/testing/frontend/reports/README.md,./test-failure-matrix.md,OK
md-docs/testing/frontend/reports/README.md,./fixes-applied.md,OK
md-docs/testing/frontend/reports/README.md,./pipeline-integration-results.md,OK
md-docs/testing/frontend/reports/README.md,./stream-coverage.md,OK
md-docs/testing/frontend/reports/README.md,./hubspot-stream-coverage.md,OK
md-docs/testing/frontend/reports/README.md,./stripe-stream-coverage.md,OK
md-docs/testing/frontend/reports/README.md,./postgres-type-compatibility.md,OK
md-docs/testing/frontend/reports/README.md,./service-startup-report.md,OK
md-docs/testing/local-development.md,../architecture/elt/source-to-destination-flow.md,OK
md-docs/testing/reports/README.md,./pipeline-all-streams-chrome-e2e-2026-07-19.md,OK
md-docs/testing/reports/README.md,./pipeline-new-layout-e2e-2026-07-18.md,OK
md-docs/testing/reports/README.md,./playwright-complete-workflow-e2e-summary.md,OK
md-docs/testing/reports/pipeline-all-streams-chrome-e2e-2026-07-19.md,https://github.com/dabhivijay2478/mantrixflow-git-testing/pull/3,External — network check required
